Code du département.1;Nom.11;%Voix/Exp;annee
FR-01;11;0.57;01/01/2017
FR-02;11;0.96;01/01/2017
FR-03;11;0.8;01/01/2017
FR-04;11;0.52;01/01/2017
FR-05;11;0.47;01/01/2017
FR-06;11;0.29;01/01/2017
FR-07;11;0.67;01/01/2017
FR-08;11;0.94;01/01/2017
FR-09;11;0.6;01/01/2017
FR-10;11;0.69;01/01/2017
FR-11;11;0.56;01/01/2017
FR-12;11;0.63;01/01/2017
FR-13;11;0.39;01/01/2017
FR-14;11;0.77;01/01/2017
FR-15;11;0.76;01/01/2017
FR-16;11;0.83;01/01/2017
FR-17;11;0.67;01/01/2017
FR-18;11;0.94;01/01/2017
FR-19;11;0.72;01/01/2017
FR-21;11;0.63;01/01/2017
FR-22;11;0.81;01/01/2017
FR-23;11;0.97;01/01/2017
FR-24;11;0.65;01/01/2017
FR-25;11;0.72;01/01/2017
FR-26;11;0.76;01/01/2017
FR-27;11;0.78;01/01/2017
FR-28;11;0.77;01/01/2017
FR-29;11;0.65;01/01/2017
FR-2A;11;0.3;01/01/2017
FR-2B;11;0.34;01/01/2017
FR-30;11;0.5;01/01/2017
FR-31;11;0.44;01/01/2017
FR-32;11;0.57;01/01/2017
FR-33;11;0.47;01/01/2017
FR-34;11;0.4;01/01/2017
FR-35;11;0.72;01/01/2017
FR-36;11;1.06;01/01/2017
FR-37;11;0.77;01/01/2017
FR-38;11;0.54;01/01/2017
FR-39;11;0.77;01/01/2017
FR-40;11;0.5;01/01/2017
FR-41;11;0.8;01/01/2017
FR-42;11;0.65;01/01/2017
FR-43;11;0.75;01/01/2017
FR-44;11;0.59;01/01/2017
FR-45;11;0.67;01/01/2017
FR-46;11;0.65;01/01/2017
FR-47;11;0.55;01/01/2017
FR-48;11;0.61;01/01/2017
FR-49;11;0.84;01/01/2017
FR-50;11;0.86;01/01/2017
FR-51;11;0.74;01/01/2017
FR-52;11;0.9;01/01/2017
FR-53;11;0.9;01/01/2017
FR-54;11;0.77;01/01/2017
FR-55;11;0.83;01/01/2017
FR-56;11;0.7;01/01/2017
FR-57;11;0.88;01/01/2017
FR-58;11;0.83;01/01/2017
FR-59;11;0.81;01/01/2017
FR-60;11;0.84;01/01/2017
FR-61;11;0.91;01/01/2017
FR-62;11;1.04;01/01/2017
FR-63;11;0.76;01/01/2017
FR-64;11;0.45;01/01/2017
FR-65;11;0.55;01/01/2017
FR-66;11;0.55;01/01/2017
FR-67;11;0.81;01/01/2017
FR-68;11;0.77;01/01/2017
FR-69;11;0.46;01/01/2017
FR-70;11;0.95;01/01/2017
FR-71;11;0.71;01/01/2017
FR-72;11;0.76;01/01/2017
FR-73;11;0.5;01/01/2017
FR-74;11;0.46;01/01/2017
FR-75;11;0.27;01/01/2017
FR-76;11;0.78;01/01/2017
FR-77;11;0.54;01/01/2017
FR-78;11;0.38;01/01/2017
FR-79;11;0.87;01/01/2017
FR-80;11;0.97;01/01/2017
FR-81;11;0.6;01/01/2017
FR-82;11;0.57;01/01/2017
FR-83;11;0.37;01/01/2017
FR-84;11;0.44;01/01/2017
FR-85;11;0.79;01/01/2017
FR-86;11;0.87;01/01/2017
FR-87;11;0.89;01/01/2017
FR-88;11;0.91;01/01/2017
FR-89;11;0.75;01/01/2017
FR-90;11;0.83;01/01/2017
FR-91;11;0.47;01/01/2017
FR-92;11;0.31;01/01/2017
FR-93;11;0.6;01/01/2017
FR-94;11;0.45;01/01/2017
FR-95;11;0.5;01/01/2017
FR-01;18;1.11;01/01/2017
FR-02;18;0.75;01/01/2017
FR-03;18;0.74;01/01/2017
FR-04;18;0.93;01/01/2017
FR-05;18;0.9;01/01/2017
FR-06;18;1.03;01/01/2017
FR-07;18;1.01;01/01/2017
FR-08;18;0.74;01/01/2017
FR-09;18;0.86;01/01/2017
FR-10;18;0.82;01/01/2017
FR-11;18;0.83;01/01/2017
FR-12;18;0.74;01/01/2017
FR-13;18;0.9;01/01/2017
FR-14;18;0.7;01/01/2017
FR-15;18;0.58;01/01/2017
FR-16;18;0.77;01/01/2017
FR-17;18;0.79;01/01/2017
FR-18;18;0.86;01/01/2017
FR-19;18;0.75;01/01/2017
FR-21;18;0.86;01/01/2017
FR-22;18;0.66;01/01/2017
FR-23;18;0.83;01/01/2017
FR-24;18;0.86;01/01/2017
FR-25;18;1.1;01/01/2017
FR-26;18;1.03;01/01/2017
FR-27;18;0.87;01/01/2017
FR-28;18;0.96;01/01/2017
FR-29;18;0.66;01/01/2017
FR-2A;18;0.67;01/01/2017
FR-2B;18;0.59;01/01/2017
FR-30;18;0.97;01/01/2017
FR-31;18;0.83;01/01/2017
FR-32;18;0.87;01/01/2017
FR-33;18;0.82;01/01/2017
FR-34;18;0.94;01/01/2017
FR-35;18;0.67;01/01/2017
FR-36;18;0.84;01/01/2017
FR-37;18;0.77;01/01/2017
FR-38;18;0.99;01/01/2017
FR-39;18;0.89;01/01/2017
FR-40;18;0.77;01/01/2017
FR-41;18;0.78;01/01/2017
FR-42;18;0.89;01/01/2017
FR-43;18;0.75;01/01/2017
FR-44;18;0.76;01/01/2017
FR-45;18;0.87;01/01/2017
FR-46;18;0.79;01/01/2017
FR-47;18;0.88;01/01/2017
FR-48;18;0.74;01/01/2017
FR-49;18;0.75;01/01/2017
FR-50;18;0.68;01/01/2017
FR-51;18;0.83;01/01/2017
FR-52;18;0.79;01/01/2017
FR-53;18;0.66;01/01/2017
FR-54;18;0.91;01/01/2017
FR-55;18;0.8;01/01/2017
FR-56;18;0.69;01/01/2017
FR-57;18;1.07;01/01/2017
FR-58;18;0.8;01/01/2017
FR-59;18;0.85;01/01/2017
FR-60;18;1.07;01/01/2017
FR-61;18;0.78;01/01/2017
FR-62;18;0.66;01/01/2017
FR-63;18;0.82;01/01/2017
FR-64;18;0.7;01/01/2017
FR-65;18;0.73;01/01/2017
FR-66;18;0.86;01/01/2017
FR-67;18;1.14;01/01/2017
FR-68;18;1.29;01/01/2017
FR-69;18;1.03;01/01/2017
FR-70;18;0.86;01/01/2017
FR-71;18;0.82;01/01/2017
FR-72;18;0.64;01/01/2017
FR-73;18;1.08;01/01/2017
FR-74;18;1.21;01/01/2017
FR-75;18;0.77;01/01/2017
FR-76;18;0.76;01/01/2017
FR-77;18;1.2;01/01/2017
FR-78;18;1.07;01/01/2017
FR-79;18;0.69;01/01/2017
FR-80;18;0.71;01/01/2017
FR-81;18;0.78;01/01/2017
FR-82;18;0.91;01/01/2017
FR-83;18;0.96;01/01/2017
FR-84;18;0.92;01/01/2017
FR-85;18;0.65;01/01/2017
FR-86;18;0.8;01/01/2017
FR-87;18;0.75;01/01/2017
FR-88;18;1.01;01/01/2017
FR-89;18;0.96;01/01/2017
FR-90;18;1.31;01/01/2017
FR-91;18;1.21;01/01/2017
FR-92;18;1.06;01/01/2017
FR-93;18;1.61;01/01/2017
FR-94;18;1.2;01/01/2017
FR-95;18;1.41;01/01/2017
FR-01;15;0.18;01/01/2017
FR-02;15;0.19;01/01/2017
FR-03;15;0.18;01/01/2017
FR-04;15;0.21;01/01/2017
FR-05;15;0.19;01/01/2017
FR-06;15;0.16;01/01/2017
FR-07;15;0.19;01/01/2017
FR-08;15;0.18;01/01/2017
FR-09;15;0.15;01/01/2017
FR-10;15;0.18;01/01/2017
FR-11;15;0.16;01/01/2017
FR-12;15;0.18;01/01/2017
FR-13;15;0.17;01/01/2017
FR-14;15;0.17;01/01/2017
FR-15;15;0.22;01/01/2017
FR-16;15;0.23;01/01/2017
FR-17;15;0.18;01/01/2017
FR-18;15;0.2;01/01/2017
FR-19;15;0.23;01/01/2017
FR-21;15;0.18;01/01/2017
FR-22;15;0.17;01/01/2017
FR-23;15;0.25;01/01/2017
FR-24;15;0.2;01/01/2017
FR-25;15;0.19;01/01/2017
FR-26;15;0.18;01/01/2017
FR-27;15;0.18;01/01/2017
FR-28;15;0.19;01/01/2017
FR-29;15;0.15;01/01/2017
FR-2A;15;0.16;01/01/2017
FR-2B;15;0.17;01/01/2017
FR-30;15;0.16;01/01/2017
FR-31;15;0.18;01/01/2017
FR-32;15;0.16;01/01/2017
FR-33;15;0.18;01/01/2017
FR-34;15;0.14;01/01/2017
FR-35;15;0.17;01/01/2017
FR-36;15;0.23;01/01/2017
FR-37;15;0.2;01/01/2017
FR-38;15;0.17;01/01/2017
FR-39;15;0.19;01/01/2017
FR-40;15;0.15;01/01/2017
FR-41;15;0.21;01/01/2017
FR-42;15;0.17;01/01/2017
FR-43;15;0.2;01/01/2017
FR-44;15;0.17;01/01/2017
FR-45;15;0.2;01/01/2017
FR-46;15;0.2;01/01/2017
FR-47;15;0.17;01/01/2017
FR-48;15;0.19;01/01/2017
FR-49;15;0.18;01/01/2017
FR-50;15;0.21;01/01/2017
FR-51;15;0.18;01/01/2017
FR-52;15;0.19;01/01/2017
FR-53;15;0.18;01/01/2017
FR-54;15;0.19;01/01/2017
FR-55;15;0.22;01/01/2017
FR-56;15;0.19;01/01/2017
FR-57;15;0.21;01/01/2017
FR-58;15;0.19;01/01/2017
FR-59;15;0.17;01/01/2017
FR-60;15;0.19;01/01/2017
FR-61;15;0.21;01/01/2017
FR-62;15;0.17;01/01/2017
FR-63;15;0.21;01/01/2017
FR-64;15;0.13;01/01/2017
FR-65;15;0.14;01/01/2017
FR-66;15;0.17;01/01/2017
FR-67;15;0.2;01/01/2017
FR-68;15;0.25;01/01/2017
FR-69;15;0.16;01/01/2017
FR-70;15;0.19;01/01/2017
FR-71;15;0.16;01/01/2017
FR-72;15;0.17;01/01/2017
FR-73;15;0.18;01/01/2017
FR-74;15;0.2;01/01/2017
FR-75;15;0.14;01/01/2017
FR-76;15;0.19;01/01/2017
FR-77;15;0.18;01/01/2017
FR-78;15;0.18;01/01/2017
FR-79;15;0.18;01/01/2017
FR-80;15;0.18;01/01/2017
FR-81;15;0.19;01/01/2017
FR-82;15;0.18;01/01/2017
FR-83;15;0.16;01/01/2017
FR-84;15;0.17;01/01/2017
FR-85;15;0.17;01/01/2017
FR-86;15;0.24;01/01/2017
FR-87;15;0.21;01/01/2017
FR-88;15;0.21;01/01/2017
FR-89;15;0.18;01/01/2017
FR-90;15;0.23;01/01/2017
FR-91;15;0.2;01/01/2017
FR-92;15;0.17;01/01/2017
FR-93;15;0.2;01/01/2017
FR-94;15;0.18;01/01/2017
FR-95;15;0.18;01/01/2017
FR-01;20;6.07;01/01/2017
FR-02;20;5.08;01/01/2017
FR-03;20;5.09;01/01/2017
FR-04;20;4.87;01/01/2017
FR-05;20;5.68;01/01/2017
FR-06;20;4.28;01/01/2017
FR-07;20;5.08;01/01/2017
FR-08;20;5.32;01/01/2017
FR-09;20;3.61;01/01/2017
FR-10;20;6.35;01/01/2017
FR-11;20;3.86;01/01/2017
FR-12;20;4.85;01/01/2017
FR-13;20;3.85;01/01/2017
FR-14;20;5;01/01/2017
FR-15;20;4.42;01/01/2017
FR-16;20;5.03;01/01/2017
FR-17;20;5.32;01/01/2017
FR-18;20;5.53;01/01/2017
FR-19;20;4.84;01/01/2017
FR-21;20;5.25;01/01/2017
FR-22;20;4.26;01/01/2017
FR-23;20;5.01;01/01/2017
FR-24;20;4.59;01/01/2017
FR-25;20;5.18;01/01/2017
FR-26;20;5.19;01/01/2017
FR-27;20;5.67;01/01/2017
FR-28;20;6.01;01/01/2017
FR-29;20;4.08;01/01/2017
FR-2A;20;3.04;01/01/2017
FR-2B;20;2.75;01/01/2017
FR-30;20;4.23;01/01/2017
FR-31;20;3.87;01/01/2017
FR-32;20;4.53;01/01/2017
FR-33;20;4.18;01/01/2017
FR-34;20;3.69;01/01/2017
FR-35;20;4.48;01/01/2017
FR-36;20;5.48;01/01/2017
FR-37;20;5.43;01/01/2017
FR-38;20;5.1;01/01/2017
FR-39;20;5.71;01/01/2017
FR-40;20;4.45;01/01/2017
FR-41;20;6.01;01/01/2017
FR-42;20;5.8;01/01/2017
FR-43;20;5.98;01/01/2017
FR-44;20;4.5;01/01/2017
FR-45;20;5.94;01/01/2017
FR-46;20;4.11;01/01/2017
FR-47;20;4.98;01/01/2017
FR-48;20;4.56;01/01/2017
FR-49;20;5.52;01/01/2017
FR-50;20;5.68;01/01/2017
FR-51;20;5.75;01/01/2017
FR-52;20;6.26;01/01/2017
FR-53;20;5.61;01/01/2017
FR-54;20;5.09;01/01/2017
FR-55;20;6.35;01/01/2017
FR-56;20;4.78;01/01/2017
FR-57;20;5.82;01/01/2017
FR-58;20;5.35;01/01/2017
FR-59;20;4.82;01/01/2017
FR-60;20;5.47;01/01/2017
FR-61;20;5.81;01/01/2017
FR-62;20;4.97;01/01/2017
FR-63;20;4.38;01/01/2017
FR-64;20;3.72;01/01/2017
FR-65;20;4.21;01/01/2017
FR-66;20;3.65;01/01/2017
FR-67;20;6.57;01/01/2017
FR-68;20;7.07;01/01/2017
FR-69;20;4.33;01/01/2017
FR-70;20;5.86;01/01/2017
FR-71;20;6.12;01/01/2017
FR-72;20;4.24;01/01/2017
FR-73;20;5.66;01/01/2017
FR-74;20;5.99;01/01/2017
FR-75;20;1.67;01/01/2017
FR-76;20;4.81;01/01/2017
FR-77;20;6.1;01/01/2017
FR-78;20;4.34;01/01/2017
FR-79;20;5.3;01/01/2017
FR-80;20;4.84;01/01/2017
FR-81;20;4.89;01/01/2017
FR-82;20;4.93;01/01/2017
FR-83;20;4.76;01/01/2017
FR-84;20;4.6;01/01/2017
FR-85;20;5.78;01/01/2017
FR-86;20;5.01;01/01/2017
FR-87;20;4.46;01/01/2017
FR-88;20;6.53;01/01/2017
FR-89;20;6.32;01/01/2017
FR-90;20;5.27;01/01/2017
FR-91;20;7.18;01/01/2017
FR-92;20;2.69;01/01/2017
FR-93;20;3.07;01/01/2017
FR-94;20;4.32;01/01/2017
FR-95;20;4.52;01/01/2017
FR-01;19;21.43;01/01/2017
FR-02;19;16.3;01/01/2017
FR-03;19;18.94;01/01/2017
FR-04;19;18.49;01/01/2017
FR-05;19;19.15;01/01/2017
FR-06;19;27.39;01/01/2017
FR-07;19;17.3;01/01/2017
FR-08;19;17.22;01/01/2017
FR-09;19;12.75;01/01/2017
FR-10;19;23.05;01/01/2017
FR-11;19;15.06;01/01/2017
FR-12;19;20.78;01/01/2017
FR-13;19;19.76;01/01/2017
FR-14;19;20.5;01/01/2017
FR-15;19;23.58;01/01/2017
FR-16;19;16.96;01/01/2017
FR-17;19;20.59;01/01/2017
FR-18;19;19.09;01/01/2017
FR-19;19;17.46;01/01/2017
FR-21;19;21.26;01/01/2017
FR-22;19;18.38;01/01/2017
FR-23;19;17.99;01/01/2017
FR-24;19;17.09;01/01/2017
FR-25;19;21.09;01/01/2017
FR-26;19;18.5;01/01/2017
FR-27;19;18.84;01/01/2017
FR-28;19;21.84;01/01/2017
FR-29;19;17.94;01/01/2017
FR-2A;19;25.68;01/01/2017
FR-2B;19;25.44;01/01/2017
FR-30;19;17.2;01/01/2017
FR-31;19;16.49;01/01/2017
FR-32;19;17.96;01/01/2017
FR-33;19;17.08;01/01/2017
FR-34;19;17.6;01/01/2017
FR-35;19;19.03;01/01/2017
FR-36;19;19.46;01/01/2017
FR-37;19;21.24;01/01/2017
FR-38;19;17.05;01/01/2017
FR-39;19;18.97;01/01/2017
FR-40;19;17.13;01/01/2017
FR-41;19;22.07;01/01/2017
FR-42;19;18.36;01/01/2017
FR-43;19;18.6;01/01/2017
FR-44;19;19.68;01/01/2017
FR-45;19;21.28;01/01/2017
FR-46;19;16.66;01/01/2017
FR-47;19;18.44;01/01/2017
FR-48;19;22.82;01/01/2017
FR-49;19;23.73;01/01/2017
FR-50;19;21.6;01/01/2017
FR-51;19;22.15;01/01/2017
FR-52;19;19.12;01/01/2017
FR-53;19;27.06;01/01/2017
FR-54;19;16.5;01/01/2017
FR-55;19;18.02;01/01/2017
FR-56;19;20.88;01/01/2017
FR-57;19;17.17;01/01/2017
FR-58;19;17.25;01/01/2017
FR-59;19;16.75;01/01/2017
FR-60;19;17.54;01/01/2017
FR-61;19;24.74;01/01/2017
FR-62;19;14.29;01/01/2017
FR-63;19;16.39;01/01/2017
FR-64;19;18.16;01/01/2017
FR-65;19;14.48;01/01/2017
FR-66;19;17.19;01/01/2017
FR-67;19;22;01/01/2017
FR-68;19;22.34;01/01/2017
FR-69;19;23.16;01/01/2017
FR-70;19;18.05;01/01/2017
FR-71;19;19.39;01/01/2017
FR-72;19;28.61;01/01/2017
FR-73;19;21.04;01/01/2017
FR-74;19;25.41;01/01/2017
FR-75;19;26.45;01/01/2017
FR-76;19;17.24;01/01/2017
FR-77;19;17.77;01/01/2017
FR-78;19;27.25;01/01/2017
FR-79;19;18.75;01/01/2017
FR-80;19;16.22;01/01/2017
FR-81;19;17.56;01/01/2017
FR-82;19;17.71;01/01/2017
FR-83;19;24.87;01/01/2017
FR-84;19;18.97;01/01/2017
FR-85;19;25.5;01/01/2017
FR-86;19;17.96;01/01/2017
FR-87;19;15.6;01/01/2017
FR-88;19;18.03;01/01/2017
FR-89;19;19.91;01/01/2017
FR-90;19;17.7;01/01/2017
FR-91;19;18.04;01/01/2017
FR-92;19;29.14;01/01/2017
FR-93;19;12.76;01/01/2017
FR-94;19;20.21;01/01/2017
FR-95;19;18.45;01/01/2017
FR-01;14;5.13;01/01/2017
FR-02;14;4.24;01/01/2017
FR-03;14;5.52;01/01/2017
FR-04;14;5;01/01/2017
FR-05;14;5.88;01/01/2017
FR-06;14;3.58;01/01/2017
FR-07;14;6.01;01/01/2017
FR-08;14;4.93;01/01/2017
FR-09;14;7.85;01/01/2017
FR-10;14;4.06;01/01/2017
FR-11;14;6.35;01/01/2017
FR-12;14;6.16;01/01/2017
FR-13;14;4.53;01/01/2017
FR-14;14;6.8;01/01/2017
FR-15;14;5.25;01/01/2017
FR-16;14;6.32;01/01/2017
FR-17;14;5.76;01/01/2017
FR-18;14;5.3;01/01/2017
FR-19;14;6.36;01/01/2017
FR-21;14;5.9;01/01/2017
FR-22;14;8.6;01/01/2017
FR-23;14;7.82;01/01/2017
FR-24;14;6.35;01/01/2017
FR-25;14;5.74;01/01/2017
FR-26;14;6.02;01/01/2017
FR-27;14;5.05;01/01/2017
FR-28;14;5.25;01/01/2017
FR-29;14;10.91;01/01/2017
FR-2A;14;3.49;01/01/2017
FR-2B;14;3.97;01/01/2017
FR-30;14;4.87;01/01/2017
FR-31;14;8.37;01/01/2017
FR-32;14;8.03;01/01/2017
FR-33;14;7.56;01/01/2017
FR-34;14;5.77;01/01/2017
FR-35;14;8.91;01/01/2017
FR-36;14;5.95;01/01/2017
FR-37;14;6.74;01/01/2017
FR-38;14;6.59;01/01/2017
FR-39;14;5.07;01/01/2017
FR-40;14;8.69;01/01/2017
FR-41;14;5.66;01/01/2017
FR-42;14;5.8;01/01/2017
FR-43;14;5.33;01/01/2017
FR-44;14;8.03;01/01/2017
FR-45;14;5.75;01/01/2017
FR-46;14;7.18;01/01/2017
FR-47;14;5.63;01/01/2017
FR-48;14;5.68;01/01/2017
FR-49;14;6.44;01/01/2017
FR-50;14;6.4;01/01/2017
FR-51;14;4.66;01/01/2017
FR-52;14;4.19;01/01/2017
FR-53;14;5.69;01/01/2017
FR-54;14;6.22;01/01/2017
FR-55;14;4.59;01/01/2017
FR-56;14;7.33;01/01/2017
FR-57;14;5.27;01/01/2017
FR-58;14;6.52;01/01/2017
FR-59;14;5.65;01/01/2017
FR-60;14;4.69;01/01/2017
FR-61;14;5.21;01/01/2017
FR-62;14;5.17;01/01/2017
FR-63;14;7.24;01/01/2017
FR-64;14;7.73;01/01/2017
FR-65;14;7.11;01/01/2017
FR-66;14;5.04;01/01/2017
FR-67;14;5.34;01/01/2017
FR-68;14;4.63;01/01/2017
FR-69;14;6.76;01/01/2017
FR-70;14;4.73;01/01/2017
FR-71;14;6.19;01/01/2017
FR-72;14;5.33;01/01/2017
FR-73;14;5.69;01/01/2017
FR-74;14;5.27;01/01/2017
FR-75;14;10.18;01/01/2017
FR-76;14;6.05;01/01/2017
FR-77;14;5.7;01/01/2017
FR-78;14;6.93;01/01/2017
FR-79;14;6.97;01/01/2017
FR-80;14;4.46;01/01/2017
FR-81;14;6.64;01/01/2017
FR-82;14;5.84;01/01/2017
FR-83;14;3.44;01/01/2017
FR-84;14;4.31;01/01/2017
FR-85;14;5.1;01/01/2017
FR-86;14;7.09;01/01/2017
FR-87;14;7.74;01/01/2017
FR-88;14;4.96;01/01/2017
FR-89;14;4.79;01/01/2017
FR-90;14;5.85;01/01/2017
FR-91;14;6.75;01/01/2017
FR-92;14;7.19;01/01/2017
FR-93;14;8.41;01/01/2017
FR-94;14;7.77;01/01/2017
FR-95;14;6.84;01/01/2017
FR-01;16;1.06;01/01/2017
FR-02;16;0.79;01/01/2017
FR-03;16;1.55;01/01/2017
FR-04;16;1.73;01/01/2017
FR-05;16;1.85;01/01/2017
FR-06;16;0.9;01/01/2017
FR-07;16;1.81;01/01/2017
FR-08;16;0.96;01/01/2017
FR-09;16;3.54;01/01/2017
FR-10;16;0.72;01/01/2017
FR-11;16;2.17;01/01/2017
FR-12;16;3.66;01/01/2017
FR-13;16;0.96;01/01/2017
FR-14;16;0.72;01/01/2017
FR-15;16;3.1;01/01/2017
FR-16;16;1.55;01/01/2017
FR-17;16;1.38;01/01/2017
FR-18;16;1.11;01/01/2017
FR-19;16;2.92;01/01/2017
FR-21;16;0.92;01/01/2017
FR-22;16;0.95;01/01/2017
FR-23;16;1.92;01/01/2017
FR-24;16;2.43;01/01/2017
FR-25;16;0.89;01/01/2017
FR-26;16;1.34;01/01/2017
FR-27;16;0.77;01/01/2017
FR-28;16;0.83;01/01/2017
FR-29;16;1.11;01/01/2017
FR-2A;16;5.42;01/01/2017
FR-2B;16;5.84;01/01/2017
FR-30;16;1.41;01/01/2017
FR-31;16;2.01;01/01/2017
FR-32;16;4.26;01/01/2017
FR-33;16;1.93;01/01/2017
FR-34;16;1.35;01/01/2017
FR-35;16;0.76;01/01/2017
FR-36;16;1.32;01/01/2017
FR-37;16;0.86;01/01/2017
FR-38;16;0.99;01/01/2017
FR-39;16;1.33;01/01/2017
FR-40;16;4.23;01/01/2017
FR-41;16;0.95;01/01/2017
FR-42;16;1.29;01/01/2017
FR-43;16;2.23;01/01/2017
FR-44;16;0.74;01/01/2017
FR-45;16;0.9;01/01/2017
FR-46;16;2.77;01/01/2017
FR-47;16;3.22;01/01/2017
FR-48;16;3.66;01/01/2017
FR-49;16;0.76;01/01/2017
FR-50;16;0.84;01/01/2017
FR-51;16;0.8;01/01/2017
FR-52;16;1.1;01/01/2017
FR-53;16;0.85;01/01/2017
FR-54;16;0.85;01/01/2017
FR-55;16;1.21;01/01/2017
FR-56;16;1.03;01/01/2017
FR-57;16;1.03;01/01/2017
FR-58;16;1.13;01/01/2017
FR-59;16;0.63;01/01/2017
FR-60;16;0.78;01/01/2017
FR-61;16;0.89;01/01/2017
FR-62;16;0.7;01/01/2017
FR-63;16;2.06;01/01/2017
FR-64;16;7.55;01/01/2017
FR-65;16;4.96;01/01/2017
FR-66;16;1.74;01/01/2017
FR-67;16;1.07;01/01/2017
FR-68;16;1.24;01/01/2017
FR-69;16;0.75;01/01/2017
FR-70;16;1.08;01/01/2017
FR-71;16;1.02;01/01/2017
FR-72;16;0.66;01/01/2017
FR-73;16;1.3;01/01/2017
FR-74;16;1.12;01/01/2017
FR-75;16;0.51;01/01/2017
FR-76;16;0.64;01/01/2017
FR-77;16;0.76;01/01/2017
FR-78;16;0.71;01/01/2017
FR-79;16;1.21;01/01/2017
FR-80;16;0.74;01/01/2017
FR-81;16;3.04;01/01/2017
FR-82;16;2.49;01/01/2017
FR-83;16;1.13;01/01/2017
FR-84;16;1.27;01/01/2017
FR-85;16;0.91;01/01/2017
FR-86;16;1.2;01/01/2017
FR-87;16;1.69;01/01/2017
FR-88;16;1.25;01/01/2017
FR-89;16;1.08;01/01/2017
FR-90;16;0.93;01/01/2017
FR-91;16;0.72;01/01/2017
FR-92;16;0.6;01/01/2017
FR-93;16;0.58;01/01/2017
FR-94;16;0.65;01/01/2017
FR-95;16;0.73;01/01/2017
FR-01;21;25;01/01/2017
FR-02;21;35.67;01/01/2017
FR-03;21;22.34;01/01/2017
FR-04;21;24.53;01/01/2017
FR-05;21;21.25;01/01/2017
FR-06;21;27.75;01/01/2017
FR-07;21;23.17;01/01/2017
FR-08;21;32.41;01/01/2017
FR-09;21;21.7;01/01/2017
FR-10;21;30.33;01/01/2017
FR-11;21;28.26;01/01/2017
FR-12;21;16.2;01/01/2017
FR-13;21;27.28;01/01/2017
FR-14;21;20.36;01/01/2017
FR-15;21;18.17;01/01/2017
FR-16;21;21.4;01/01/2017
FR-17;21;21.14;01/01/2017
FR-18;21;24.18;01/01/2017
FR-19;21;17.34;01/01/2017
FR-21;21;22.52;01/01/2017
FR-22;21;16.46;01/01/2017
FR-23;21;19.88;01/01/2017
FR-24;21;20.93;01/01/2017
FR-25;21;23.45;01/01/2017
FR-26;21;23.9;01/01/2017
FR-27;21;29.31;01/01/2017
FR-28;21;25.08;01/01/2017
FR-29;21;13.89;01/01/2017
FR-2A;21;28.62;01/01/2017
FR-2B;21;27.22;01/01/2017
FR-30;21;29.3;01/01/2017
FR-31;21;16.71;01/01/2017
FR-32;21;19.71;01/01/2017
FR-33;21;18.26;01/01/2017
FR-34;21;25.7;01/01/2017
FR-35;21;14.12;01/01/2017
FR-36;21;24.43;01/01/2017
FR-37;21;18.98;01/01/2017
FR-38;21;22.33;01/01/2017
FR-39;21;24.14;01/01/2017
FR-40;21;18.14;01/01/2017
FR-41;21;25.12;01/01/2017
FR-42;21;24.08;01/01/2017
FR-43;21;23.06;01/01/2017
FR-44;21;13.7;01/01/2017
FR-45;21;23.53;01/01/2017
FR-46;21;16.13;01/01/2017
FR-47;21;25.03;01/01/2017
FR-48;21;18.89;01/01/2017
FR-49;21;16.98;01/01/2017
FR-50;21;20.51;01/01/2017
FR-51;21;28.07;01/01/2017
FR-52;21;33.22;01/01/2017
FR-53;21;16.9;01/01/2017
FR-54;21;25.86;01/01/2017
FR-55;21;32.32;01/01/2017
FR-56;21;17.69;01/01/2017
FR-57;21;28.35;01/01/2017
FR-58;21;24.76;01/01/2017
FR-59;21;28.22;01/01/2017
FR-60;21;30.88;01/01/2017
FR-61;21;23.81;01/01/2017
FR-62;21;34.35;01/01/2017
FR-63;21;17.68;01/01/2017
FR-64;21;13.74;01/01/2017
FR-65;21;18.57;01/01/2017
FR-66;21;30.05;01/01/2017
FR-67;21;24.7;01/01/2017
FR-68;21;27.16;01/01/2017
FR-69;21;16.26;01/01/2017
FR-70;21;31.36;01/01/2017
FR-71;21;24.28;01/01/2017
FR-72;21;20.8;01/01/2017
FR-73;21;21.71;01/01/2017
FR-74;21;18.84;01/01/2017
FR-75;21;4.99;01/01/2017
FR-76;21;24.9;01/01/2017
FR-77;21;22.85;01/01/2017
FR-78;21;12.92;01/01/2017
FR-79;21;18.02;01/01/2017
FR-80;21;30.37;01/01/2017
FR-81;21;22.42;01/01/2017
FR-82;21;26.69;01/01/2017
FR-83;21;30.43;01/01/2017
FR-84;21;30.53;01/01/2017
FR-85;21;18.53;01/01/2017
FR-86;21;19.78;01/01/2017
FR-87;21;18.2;01/01/2017
FR-88;21;29.12;01/01/2017
FR-89;21;28.52;01/01/2017
FR-90;21;26.89;01/01/2017
FR-91;21;16.43;01/01/2017
FR-92;21;7.64;01/01/2017
FR-93;21;13.59;01/01/2017
FR-94;21;11.5;01/01/2017
FR-95;21;17.18;01/01/2017
FR-01;17;22.62;01/01/2017
FR-02;17;17.94;01/01/2017
FR-03;17;23.72;01/01/2017
FR-04;17;20.02;01/01/2017
FR-05;17;21.8;01/01/2017
FR-06;17;19.04;01/01/2017
FR-07;17;21.64;01/01/2017
FR-08;17;18.33;01/01/2017
FR-09;17;20.92;01/01/2017
FR-10;17;18.98;01/01/2017
FR-11;17;20.07;01/01/2017
FR-12;17;25.83;01/01/2017
FR-13;17;19.37;01/01/2017
FR-14;17;24.83;01/01/2017
FR-15;17;26.73;01/01/2017
FR-16;17;25.07;01/01/2017
FR-17;17;23.91;01/01/2017
FR-18;17;22.05;01/01/2017
FR-19;17;26.93;01/01/2017
FR-21;17;23.65;01/01/2017
FR-22;17;27.99;01/01/2017
FR-23;17;22.5;01/01/2017
FR-24;17;22.49;01/01/2017
FR-25;17;22.5;01/01/2017
FR-26;17;21.88;01/01/2017
FR-27;17;19.89;01/01/2017
FR-28;17;21.74;01/01/2017
FR-29;17;29.45;01/01/2017
FR-2A;17;17.87;01/01/2017
FR-2B;17;19.02;01/01/2017
FR-30;17;18.78;01/01/2017
FR-31;17;26.43;01/01/2017
FR-32;17;23.4;01/01/2017
FR-33;17;26.13;01/01/2017
FR-34;17;20.52;01/01/2017
FR-35;17;30.26;01/01/2017
FR-36;17;20.85;01/01/2017
FR-37;17;24.47;01/01/2017
FR-38;17;24.77;01/01/2017
FR-39;17;21.33;01/01/2017
FR-40;17;24.63;01/01/2017
FR-41;17;20.98;01/01/2017
FR-42;17;23.17;01/01/2017
FR-43;17;23.51;01/01/2017
FR-44;17;28.66;01/01/2017
FR-45;17;23.48;01/01/2017
FR-46;17;26.65;01/01/2017
FR-47;17;20.79;01/01/2017
FR-48;17;21.73;01/01/2017
FR-49;17;26.51;01/01/2017
FR-50;17;24.86;01/01/2017
FR-51;17;20.75;01/01/2017
FR-52;17;18;01/01/2017
FR-53;17;26.04;01/01/2017
FR-54;17;22.04;01/01/2017
FR-55;17;19.35;01/01/2017
FR-56;17;27.86;01/01/2017
FR-57;17;21.05;01/01/2017
FR-58;17;22.71;01/01/2017
FR-59;17;19.85;01/01/2017
FR-60;17;19.8;01/01/2017
FR-61;17;21.57;01/01/2017
FR-62;17;18.45;01/01/2017
FR-63;17;27.15;01/01/2017
FR-64;17;26.28;01/01/2017
FR-65;17;25.11;01/01/2017
FR-66;17;18.46;01/01/2017
FR-67;17;22.29;01/01/2017
FR-68;17;19.76;01/01/2017
FR-69;17;26.58;01/01/2017
FR-70;17;19.59;01/01/2017
FR-71;17;22.33;01/01/2017
FR-72;17;20.04;01/01/2017
FR-73;17;23.13;01/01/2017
FR-74;17;24.23;01/01/2017
FR-75;17;34.83;01/01/2017
FR-76;17;21.23;01/01/2017
FR-77;17;23.11;01/01/2017
FR-78;17;28.86;01/01/2017
FR-79;17;26.97;01/01/2017
FR-80;17;21.75;01/01/2017
FR-81;17;22.14;01/01/2017
FR-82;17;20.65;01/01/2017
FR-83;17;17.73;01/01/2017
FR-84;17;18.52;01/01/2017
FR-85;17;26.26;01/01/2017
FR-86;17;24.88;01/01/2017
FR-87;17;26.67;01/01/2017
FR-88;17;19.86;01/01/2017
FR-89;17;19.63;01/01/2017
FR-90;17;20.64;01/01/2017
FR-91;17;26.21;01/01/2017
FR-92;17;32.3;01/01/2017
FR-93;17;24.04;01/01/2017
FR-94;17;28.33;01/01/2017
FR-95;17;25.31;01/01/2017
FR-01;13;15.88;01/01/2017
FR-02;13;16.99;01/01/2017
FR-03;13;19.91;01/01/2017
FR-04;13;22.51;01/01/2017
FR-05;13;21.62;01/01/2017
FR-06;13;14.96;01/01/2017
FR-07;13;21.8;01/01/2017
FR-08;13;17.83;01/01/2017
FR-09;13;26.76;01/01/2017
FR-10;13;13.97;01/01/2017
FR-11;13;21.52;01/01/2017
FR-12;13;19.66;01/01/2017
FR-13;13;22.02;01/01/2017
FR-14;13;18.83;01/01/2017
FR-15;13;15.91;01/01/2017
FR-16;13;20.48;01/01/2017
FR-17;13;18.97;01/01/2017
FR-18;13;19.51;01/01/2017
FR-19;13;20.85;01/01/2017
FR-21;13;17.84;01/01/2017
FR-22;13;20.27;01/01/2017
FR-23;13;21.11;01/01/2017
FR-24;13;22.97;01/01/2017
FR-25;13;17.88;01/01/2017
FR-26;13;20.1;01/01/2017
FR-27;13;17.47;01/01/2017
FR-28;13;16.2;01/01/2017
FR-29;13;19.67;01/01/2017
FR-2A;13;13.84;01/01/2017
FR-2B;13;13.78;01/01/2017
FR-30;13;21.61;01/01/2017
FR-31;13;23.69;01/01/2017
FR-32;13;19.45;01/01/2017
FR-33;13;21.85;01/01/2017
FR-34;13;22.97;01/01/2017
FR-35;13;19.7;01/01/2017
FR-36;13;19.05;01/01/2017
FR-37;13;19.4;01/01/2017
FR-38;13;20.52;01/01/2017
FR-39;13;20.28;01/01/2017
FR-40;13;20.15;01/01/2017
FR-41;13;16.3;01/01/2017
FR-42;13;18.75;01/01/2017
FR-43;13;18.21;01/01/2017
FR-44;13;21.98;01/01/2017
FR-45;13;16.35;01/01/2017
FR-46;13;23.48;01/01/2017
FR-47;13;19.08;01/01/2017
FR-48;13;19.7;01/01/2017
FR-49;13;17.06;01/01/2017
FR-50;13;16.98;01/01/2017
FR-51;13;15.12;01/01/2017
FR-52;13;15.01;01/01/2017
FR-53;13;14.87;01/01/2017
FR-54;13;20.38;01/01/2017
FR-55;13;14.97;01/01/2017
FR-56;13;17.49;01/01/2017
FR-57;13;17.9;01/01/2017
FR-58;13;19.16;01/01/2017
FR-59;13;21.28;01/01/2017
FR-60;13;17.68;01/01/2017
FR-61;13;14.78;01/01/2017
FR-62;13;19.13;01/01/2017
FR-63;13;21.99;01/01/2017
FR-64;13;19.92;01/01/2017
FR-65;13;23.01;01/01/2017
FR-66;13;21.14;01/01/2017
FR-67;13;14.78;01/01/2017
FR-68;13;14.32;01/01/2017
FR-69;13;19.7;01/01/2017
FR-70;13;15.88;01/01/2017
FR-71;13;17.83;01/01/2017
FR-72;13;17.63;01/01/2017
FR-73;13;18.63;01/01/2017
FR-74;13;16.22;01/01/2017
FR-75;13;19.56;01/01/2017
FR-76;13;22.2;01/01/2017
FR-77;13;20.84;01/01/2017
FR-78;13;16.65;01/01/2017
FR-79;13;19.41;01/01/2017
FR-80;13;18.61;01/01/2017
FR-81;13;20.57;01/01/2017
FR-82;13;18.97;01/01/2017
FR-83;13;15.38;01/01/2017
FR-84;13;19.37;01/01/2017
FR-85;13;15.08;01/01/2017
FR-86;13;20.64;01/01/2017
FR-87;13;22.33;01/01/2017
FR-88;13;16.64;01/01/2017
FR-89;13;16.7;01/01/2017
FR-90;13;19.1;01/01/2017
FR-91;13;21.88;01/01/2017
FR-92;13;18.28;01/01/2017
FR-93;13;34.02;01/01/2017
FR-94;13;24.53;01/01/2017
FR-95;13;23.96;01/01/2017
FR-01;12;0.95;01/01/2017
FR-02;12;1.1;01/01/2017
FR-03;12;1.21;01/01/2017
FR-04;12;1.18;01/01/2017
FR-05;12;1.21;01/01/2017
FR-06;12;0.62;01/01/2017
FR-07;12;1.33;01/01/2017
FR-08;12;1.15;01/01/2017
FR-09;12;1.26;01/01/2017
FR-10;12;0.86;01/01/2017
FR-11;12;1.17;01/01/2017
FR-12;12;1.32;01/01/2017
FR-13;12;0.76;01/01/2017
FR-14;12;1.31;01/01/2017
FR-15;12;1.29;01/01/2017
FR-16;12;1.37;01/01/2017
FR-17;12;1.28;01/01/2017
FR-18;12;1.22;01/01/2017
FR-19;12;1.59;01/01/2017
FR-21;12;0.99;01/01/2017
FR-22;12;1.46;01/01/2017
FR-23;12;1.72;01/01/2017
FR-24;12;1.44;01/01/2017
FR-25;12;1.25;01/01/2017
FR-26;12;1.1;01/01/2017
FR-27;12;1.17;01/01/2017
FR-28;12;1.13;01/01/2017
FR-29;12;1.48;01/01/2017
FR-2A;12;0.9;01/01/2017
FR-2B;12;0.88;01/01/2017
FR-30;12;0.96;01/01/2017
FR-31;12;0.99;01/01/2017
FR-32;12;1.06;01/01/2017
FR-33;12;1.56;01/01/2017
FR-34;12;0.9;01/01/2017
FR-35;12;1.18;01/01/2017
FR-36;12;1.34;01/01/2017
FR-37;12;1.15;01/01/2017
FR-38;12;0.96;01/01/2017
FR-39;12;1.32;01/01/2017
FR-40;12;1.16;01/01/2017
FR-41;12;1.13;01/01/2017
FR-42;12;1.05;01/01/2017
FR-43;12;1.38;01/01/2017
FR-44;12;1.19;01/01/2017
FR-45;12;1.03;01/01/2017
FR-46;12;1.38;01/01/2017
FR-47;12;1.21;01/01/2017
FR-48;12;1.42;01/01/2017
FR-49;12;1.24;01/01/2017
FR-50;12;1.38;01/01/2017
FR-51;12;0.94;01/01/2017
FR-52;12;1.2;01/01/2017
FR-53;12;1.24;01/01/2017
FR-54;12;1.18;01/01/2017
FR-55;12;1.34;01/01/2017
FR-56;12;1.35;01/01/2017
FR-57;12;1.25;01/01/2017
FR-58;12;1.28;01/01/2017
FR-59;12;0.97;01/01/2017
FR-60;12;1.07;01/01/2017
FR-61;12;1.29;01/01/2017
FR-62;12;1.08;01/01/2017
FR-63;12;1.33;01/01/2017
FR-64;12;1.61;01/01/2017
FR-65;12;1.13;01/01/2017
FR-66;12;1.14;01/01/2017
FR-67;12;1.09;01/01/2017
FR-68;12;1.17;01/01/2017
FR-69;12;0.8;01/01/2017
FR-70;12;1.45;01/01/2017
FR-71;12;1.16;01/01/2017
FR-72;12;1.11;01/01/2017
FR-73;12;1.07;01/01/2017
FR-74;12;1.03;01/01/2017
FR-75;12;0.63;01/01/2017
FR-76;12;1.21;01/01/2017
FR-77;12;0.93;01/01/2017
FR-78;12;0.72;01/01/2017
FR-79;12;1.62;01/01/2017
FR-80;12;1.15;01/01/2017
FR-81;12;1.16;01/01/2017
FR-82;12;1.07;01/01/2017
FR-83;12;0.76;01/01/2017
FR-84;12;0.89;01/01/2017
FR-85;12;1.25;01/01/2017
FR-86;12;1.53;01/01/2017
FR-87;12;1.46;01/01/2017
FR-88;12;1.47;01/01/2017
FR-89;12;1.15;01/01/2017
FR-90;12;1.24;01/01/2017
FR-91;12;0.92;01/01/2017
FR-92;12;0.63;01/01/2017
FR-93;12;1.12;01/01/2017
FR-94;12;0.86;01/01/2017
FR-95;12;0.92;01/01/2017
